
  {
    "grimm_pm10": 34.6,
    "n_0044": 57.9964531554073,
    "n_0075": 10.3211687517376,
    "n_0100": 0.584298860161245,
    "n_0120": 0.104822073950514,
    "n_0140": 0.0740136224631637,
    "n_0200": 0.152651932165694,
    "n_0250": 0.044417848206839,
    "n_0500": 0.081418682235196,
    "n_0750": 0.0127864887406172,
    "n_1000": 0.00556964136780651,
    "ws": 3.9316666666667,
    "mws": 6.8,
    "wd": 263,
    "temp": 17.273333333333,
    "rh": 22.595,
    "pres": 993.15666666667,
    "prec": 0,
    "poj_h": 3000,
    "n_0250_m": 0.960204336947456,
    "n_0500_m": 0.125836530442035,
    "n_0200_m": 0.915786488740617,
    "n_0100_m": 10.9054676118988,
    "n_0200_mm": 0.331487628579372,
    "n_0075_c": 68.3176219071448,
    "n_0140_c": 0.178835696413678,
    "n_0500_c": 0.125836530442035,
    "n_1000_c": 0.0183561301084237
  }
